Title,Details,Overview,Priority,Type,Status,Assignees,Tags,Estimation
Autenticación y cuenta propia,"Acceso a la plataforma y gestión de la cuenta propia, con el login delegado 100% a Keycloak. Agrupa 5 historias de usuario, todas implementadas.","Acceso a la plataforma y gestión de la cuenta propia, con el login delegado 100% a Keycloak.",P1,Epic,Completed,,Autenticación,
Organizaciones,"Alta, edición y baja lógica de las organizaciones evaluadas, preservando su historial. Agrupa 5 historias de usuario, todas implementadas.","Alta, edición y baja lógica de las organizaciones evaluadas, preservando su historial.",P2,Epic,Completed,,Organizaciones,
Usuarios y roles,"Gestión de usuarios, roles y su acotamiento por organización (multi-tenant). Agrupa 6 historias de usuario, todas implementadas.","Gestión de usuarios, roles y su acotamiento por organización (multi-tenant).",P2,Epic,Completed,,Usuarios,
Catálogos MCU 5.0,"Estructura jerárquica versionada del marco MCU 5.0 (Función → Categoría → Subcategoría → Requisito → Control). Agrupa 4 historias de usuario, todas implementadas.",Estructura jerárquica versionada del marco MCU 5.0 (Función → Categoría → Subcategoría → Requisito → Control).,P1,Epic,Completed,,Catálogo,
Perfiles comunitarios,"Subconjuntos curados de controles para acotar una evaluación a lo relevante de un sector. Agrupa 2 historias de usuario, todas implementadas.",Subconjuntos curados de controles para acotar una evaluación a lo relevante de un sector.,P2,Epic,Completed,,Perfiles,
Evaluaciones — ciclo de vida y autoevaluación,"Ciclo de vida de la evaluación, autoevaluación control por control y cálculo de madurez. Agrupa 10 historias de usuario, todas implementadas. Ciclo de vida completo: DRAFT → IN_PROGRESS → READY_FOR_AUDIT → IN_AUDIT → APPROVED|RETURNED, APPROVED → ARCHIVED (RETURNED vuelve a IN_PROGRESS para corregir). Detalle de transiciones y roles habilitados en docs/API.md.","Ciclo de vida de la evaluación, autoevaluación control por control y cálculo de madurez.",P1,Epic,Completed,,Evaluaciones,
Evidencias,"Carga de evidencia documental por control e indexación por IA para consulta durante la auditoría. Agrupa 8 historias de usuario, todas implementadas.",Carga de evidencia documental por control e indexación por IA para consulta durante la auditoría.,P2,Epic,Completed,,Evidencias,
Auditoría,"Revisión de una evaluación en auditoría y registro de observaciones / no conformidades. Agrupa 5 historias de usuario, todas implementadas.",Revisión de una evaluación en auditoría y registro de observaciones / no conformidades.,P2,Epic,Completed,,Auditoría,
Plan de mejora,"Plan de mejora: sugerencias automáticas a partir de las brechas y seguimiento de las acciones. Agrupa 5 historias de usuario, todas implementadas.",Plan de mejora: sugerencias automáticas a partir de las brechas y seguimiento de las acciones.,P2,Epic,Completed,,Mejora,
Reportes,"Exportación de los resultados de madurez a PDF y Excel. Agrupa 2 historias de usuario, todas implementadas.",Exportación de los resultados de madurez a PDF y Excel.,P2,Epic,Completed,,Reportes,
Panel (Dashboard),"Panel resumen con KPIs y madurez por función acotado a lo que cada rol puede ver. Agrupa 2 historias de usuario, todas implementadas.",Panel resumen con KPIs y madurez por función acotado a lo que cada rol puede ver.,P3,Epic,Completed,,Dashboard,
Experiencia general (UX transversal),"Experiencia transversal: notificaciones, tooltips, aislamiento multi-tenant transparente, tema claro/oscuro. Agrupa 4 historias de usuario, todas implementadas.","Experiencia transversal: notificaciones, tooltips, aislamiento multi-tenant transparente, tema claro/oscuro.",P3,Epic,Completed,,UX,
Configuración de la plataforma,"Configuración de la plataforma (SMTP de Keycloak, administración del catálogo). Agrupa 2 historias de usuario, todas implementadas.","Configuración de la plataforma (SMTP de Keycloak, administración del catálogo).",P3,Epic,Completed,,Configuración,
Observabilidad y trazabilidad,"Bitácora de acciones sensibles, intentos de login fallidos, logs y métricas centralizadas. Agrupa 5 historias de usuario, todas implementadas.","Bitácora de acciones sensibles, intentos de login fallidos, logs y métricas centralizadas.",P3,Epic,Completed,,Observabilidad,
Infraestructura y despliegue,"Levantar y desplegar el stack (Docker Compose, Kubernetes, CI/CD). Agrupa 3 historias de usuario, todas implementadas.","Levantar y desplegar el stack (Docker Compose, Kubernetes, CI/CD).",P3,Epic,Completed,,Infraestructura,
HU-AUTH-01 — Iniciar sesión con SSO,"El login real es 100% delegado a Keycloak (Authorization Code flow); PRISMA nunca ve ni guarda la contraseña en texto plano. · Un JWT inválido o vencido redirige de nuevo al login. Implementado en: apps/frontend/src/services/auth.ts, SecurityConfig.java","Como usuario de cualquier rol, quiero iniciar sesión con mis credenciales corporativas contra Keycloak, para acceder a PRISMA sin que la aplicación maneje contraseñas por su cuenta.",P1,Story,Completed,,Autenticación,
HU-AUTH-02 — Cerrar sesión,"Implementado en: AppHeader.vue (menú de usuario → ""Cerrar Sesión"")","Como usuario, quiero cerrar sesión, para proteger mi cuenta en un equipo compartido.",P1,Story,Completed,,Autenticación,
HU-AUTH-03 — Cambiar mi propia contraseña,"Rechaza el cambio si la contraseña actual no es correcta (validada contra Keycloak). · La nueva contraseña exige mínimo 8 caracteres. · Queda operativa de inmediato (no fuerza otro cambio en el próximo login). Implementado en: PUT /api/account/password, AccountService.changePassword, AccountView.vue","Como usuario de cualquier rol, quiero cambiar mi contraseña indicando la actual, para mantenerla segura sin depender de que un administrador me la resetee.",P1,Story,Completed,,Autenticación,
HU-AUTH-04 — Corregir mi propio nombre,"El cambio se sincroniza en prisma.users y en el perfil de Keycloak. · Se refleja en la pantalla al instante (no depende de que el JWT se renueve). · No incluye el email (cambiarlo tocaría la identidad de login en Keycloak; queda fuera de alcance). Implementado en: PUT /api/account/profile, AccountService.updateProfile, AccountView.vue → ""Corregir nombre""","Como usuario de cualquier rol, quiero corregir mi nombre y apellido si quedaron mal cargados al darme de alta, sin tener que pedirle a un administrador que edite mi ficha.",P1,Story,Completed,,Autenticación,
HU-AUTH-05 — Restablecer la contraseña de otro usuario,"La contraseña fijada queda operativa de inmediato — no se le pide al usuario que la cambie de nuevo en su próximo login (a diferencia del alta inicial, donde sí tiene sentido forzarlo). Implementado en: PUT /api/users/{id}, UserService.update (usa KeycloakAdminClient.setPermanentPassword, no resetPassword). Ver ""Endurecimientos recientes"" en SECURITY.md","Como PRISMA_ADMIN u ORG_RESPONSIBLE (de su propia organización), quiero fijarle una contraseña nueva a otro usuario, para que un usuario bloqueado recupere el acceso sin pasar por el flujo de autoservicio.",P2,Story,Completed,,Autenticación,
HU-ORG-01 — Alta de organización,"El RUT es opcional: no toda organización lo tiene cargado al momento del alta. Un RUT en blanco se normaliza a NULL (no """") en el backend, para que la constraint UNIQUE no choque entre dos organizaciones sin RUT cargado. Implementado en: POST /api/organizations, OrganizationsView.vue","Como PRISMA_ADMIN, quiero dar de alta una organización (nombre, RUT, sector, tamaño), para empezar a evaluarla.",P2,Story,Completed,,Organizaciones,
HU-ORG-02 — Guiar la designación del responsable al crear una organización,"Al guardar la organización, un modal ofrece ""Asignar responsable ahora"" (lleva directo al alta de usuario con la organización y el rol ORG_RESPONSIBLE preseleccionados) o ""Hacerlo más tarde"". · Es una regla de UI/orden, no una restricción del modelo de datos. Implementado en: OrganizationsView.vue, UsersView.vue (flujo guiado vía ?newOrgId=)","Como PRISMA_ADMIN, al crear una organización nueva quiero que se me guíe a designar primero su ORG_RESPONSIBLE, para que no quede una organización sin nadie a cargo antes de sumarle evaluadores, auditores o visualizadores.",P3,Story,Completed,,Organizaciones,
HU-ORG-03 — Listar y ver el detalle de organizaciones,"Implementado en: GET /api/organizations, OrganizationsView.vue, OrganizationDetailView.vue (incluye EvaluationMaturityTrendChart)","Como PRISMA_ADMIN (todas) u ORG_RESPONSIBLE/AUDITOR (las propias/asignadas), quiero ver el listado y el detalle de organizaciones, incluida la evolución de su madurez en el tiempo.",P2,Story,Completed,,Organizaciones,
HU-ORG-04 — Editar una organización,Implementado en: PUT /api/organizations/{id},"Como PRISMA_ADMIN, quiero editar los datos de una organización existente.",P3,Story,Completed,,Organizaciones,
HU-ORG-05 — Dar de baja una organización sin perder su historial,"Es una baja lógica (enabled=false): no borra la fila, porque violaría las FK de users.tenant_id/evaluations.organization_id. Implementado en: DELETE /api/organizations/{id}, OrganizationService.delete","Como PRISMA_ADMIN, quiero dar de baja una organización, conservando todo su historial de evaluaciones, evidencia y auditoría.",P2,Story,Completed,,Organizaciones,
HU-USR-01 — Alta de usuario con rol y organización,"Provisiona automáticamente la cuenta en Keycloak; sin contraseña, el alta se rechaza (nunca queda un usuario ""a medias"", visible en la app pero sin poder loguearse). Implementado en: POST /api/users, UserService.create","Como PRISMA_ADMIN, quiero dar de alta un usuario con nombre, email, contraseña, rol(es) y organización, para que quede provisionado y pueda loguearse de inmediato.",P2,Story,Completed,,Usuarios,
HU-USR-02 — Un ORG_RESPONSIBLE administra los usuarios de su propia organización,"El tenantId que mande en el pedido se ignora: siempre se fuerza el propio (no puede crear ni mover usuarios a otra organización). · Nunca puede otorgarle a nadie — ni a sí mismo — el rol global PRISMA_ADMIN. · Si asigna AUDITOR, las organizaciones a auditar deben ser exclusivamente la suya. · La UI oculta el rol ""Administrador"" y bloquea el selector de organización a la propia para no invitar a un intento que el backend igual rechaza. Implementado en: UserService.create/update/delete (acotamiento vía CurrentUserService.assertOrganizationAccess), UsersView.vue","Como ORG_RESPONSIBLE, quiero dar de alta, editar y borrar los usuarios de mi propia organización (evaluadores, auditores, visualizadores), sin depender de que un PRISMA_ADMIN lo haga por mí.",P2,Story,Completed,,Usuarios,
HU-USR-03 — Ver a qué organización pertenece cada usuario,"Un usuario sin tenant (p.ej. PRISMA_ADMIN) se muestra como ""Global (sin organización)"". Implementado en: columna ""Organización"" en UsersView.vue, UserDto.organizationName","Como PRISMA_ADMIN (u ORG_RESPONSIBLE viendo los suyos), quiero ver en la tabla de usuarios a qué organización pertenece cada uno, sin tener que abrir cada ficha.",P2,Story,Completed,,Usuarios,
HU-USR-04 — Protección contra auto-eliminación y contra borrar al administrador global,Ambas protecciones son independientes entre sí y se verifican explícitamente en UserService.delete. Implementado en: UserService.delete. Incidente real documentado en RUNBOOK.md,"Como sistema, no debo permitir que un usuario se borre a sí mismo, ni que se borre al administrador global sembrado (admin@prisma.local), para que la plataforma nunca quede sin nadie que pueda administrarla.",P1,Story,Completed,,Usuarios,
HU-USR-05 — Un auditor necesita al menos una organización asignada,Implementado en: UserService.validateAuditorHasOrganizations,"Como sistema, no debo permitir que se cree o edite un usuario con rol AUDITOR sin al menos una organización para auditar, porque quedaría ""auditando nada"" en toda la plataforma.",P2,Story,Completed,,Usuarios,
HU-USR-06 — Deshabilitar un usuario sin borrarlo,"Checkbox ""Usuario habilitado"" en el formulario de edición, más un ícono de acción rápida en la grilla (sin abrir el modal completo) para alternar el estado con un click. · Deshabilitar sincroniza el estado con Keycloak (enabled=false ahí también) — un usuario deshabilitado no puede autenticarse, no sólo ""se ve inactivo"" en la app. · Mismas dos protecciones que HU-USR-04: no podés deshabilitar tu propia cuenta ni la del administrador global sembrado. Implementado en: PUT /api/users/{id} (enabled), UserService.update, UsersView.vue","Como PRISMA_ADMIN/ORG_RESPONSIBLE, quiero poder deshabilitar (y volver a habilitar) un usuario sin eliminarlo, para bloquearle el acceso de forma reversible (ej. licencia, cuenta sospechosa) conservando su historial (evaluaciones, evidencia, auditoría) intacto — a diferencia de eliminarlo, que borra la cuenta por completo.",P2,Story,Completed,,Usuarios,
HU-CAT-01 — Explorar el catálogo,"La vista muestra una pestaña por cada catálogo dado de alta (GET /api/catalog/versions) en vez de un selector desplegable escondido — con un solo catálogo cargado (el caso más común) se ve una única pestaña, pero la existencia de más de uno queda visible sin tener que abrir nada. Implementado en: GET /api/catalog/{version}, CatalogView.vue","Como cualquier usuario autenticado, quiero recorrer el árbol completo del catálogo (Función → Categoría → Subcategoría → Requisito → Control) con su nivel objetivo, para entender qué se evalúa antes de responder o auditar.",P1,Story,Completed,,Catálogo,
HU-CAT-02 — Importar una versión nueva del catálogo,"Implementado en: POST /api/catalog/import, CatalogImportPanel.vue","Como PRISMA_ADMIN, quiero importar una versión nueva del catálogo completa (JSON), para incorporar actualizaciones del marco MCU sin tocar código ni migraciones.",P1,Story,Completed,,Catálogo,
HU-CAT-03 — Editar el árbol antes de confirmarlo,Implementado en: CatalogTreeEditor.vue,"Como PRISMA_ADMIN, quiero poder editar (agregar/quitar función, categoría, subcategoría, requisito o control) el árbol que estoy por importar, para corregir errores antes de que quede persistido.",P3,Story,Completed,,Catálogo,
HU-CAT-04 — Eliminar una versión de catálogo,Implementado en: DELETE /api/catalog/{version},"Como PRISMA_ADMIN, quiero eliminar una versión de catálogo que ya no se usa.",P4,Story,Completed,,Catálogo,
HU-PERF-01 — Crear un perfil comunitario,"Implementado en: POST /api/community-profiles, CommunityProfilesView.vue","Como PRISMA_ADMIN, quiero crear un perfil comunitario (subconjunto curado de controles, p.ej. ""Básico"" o ""PYME""), para que una evaluación pueda acotarse a lo relevante de un sector en vez del catálogo completo.",P2,Story,Completed,,Perfiles,
HU-PERF-02 — Elegir un perfil comunitario al crear una evaluación,"Implementado en: NewEvaluationView.vue, CreateEvaluationDto.communityProfileId","Como ORG_RESPONSIBLE, quiero elegir (opcionalmente) un perfil comunitario al crear una evaluación, para no tener que responder controles que no aplican a mi sector.",P2,Story,Completed,,Perfiles,
HU-EVAL-01 — Crear una evaluación,Nace en estado DRAFT. Implementado en: POST /api/evaluations,"Como ORG_RESPONSIBLE, quiero crear una evaluación nueva para mi organización, eligiendo versión de catálogo y, opcionalmente, un perfil comunitario.",P1,Story,Completed,,Evaluaciones,
HU-EVAL-02 — Responder la autoevaluación control por control,"Sólo se puede seguir respondiendo mientras la evaluación esté en DRAFT/IN_PROGRESS/ RETURNED (Evaluation.isSelfAssessmentEditable()). Implementado en: POST /api/evaluations/{id}/responses, EvaluationRespondView.vue","Como ORG_RESPONSIBLE/INTERNAL_EVALUATOR, quiero marcar cada control como cumple/no cumple y agregar observaciones, para ir completando la autoevaluación a mi ritmo.",P1,Story,Completed,,Evaluaciones,
HU-EVAL-03 — Marcar preguntas para revisar después,Implementado en: EvaluationRespondView.vue (toggleFlag),"Como ORG_RESPONSIBLE/INTERNAL_EVALUATOR, quiero marcar (bookmark) una pregunta para volver a ella más tarde, sin perder el resto del avance.",P3,Story,Completed,,Evaluaciones,
HU-EVAL-04 — Calcular la madurez,"Cálculo acumulativo por nivel (no puede alcanzar el nivel N sin cumplir todos los controles de los niveles anteriores dentro de la subcategoría). · Idempotente: recalcular pisa el resultado anterior. Implementado en: POST /api/evaluations/{id}/calculate, EvaluationService.calculateMaturity","Como INTERNAL_EVALUATOR/ORG_RESPONSIBLE, quiero recalcular la madurez global y por función/ subcategoría en cualquier momento, para ver el avance sin esperar a terminar toda la evaluación.",P1,Story,Completed,,Evaluaciones,
HU-EVAL-05 — Avanzar el estado de la evaluación,"Cada transición valida tanto el estado actual como qué rol puede dispararla — no sólo que el rol pueda llamar al endpoint. Implementado en: PATCH /api/evaluations/{id}/status, EvaluationService.ALLOWED_TRANSITIONS / assertRoleCanTransitionTo","Como ORG_RESPONSIBLE/INTERNAL_EVALUATOR (autoevaluación) o AUDITOR/PRISMA_ADMIN (auditoría), quiero avanzar el estado de una evaluación siguiendo el flujo del ciclo de vida.",P1,Story,Completed,,Evaluaciones,
HU-EVAL-06 — Rechazar transiciones de estado inválidas,Implementado en: EvaluationService.ALLOWED_TRANSITIONS (las claves ausentes del mapa son estados terminales sin transiciones admitidas),"Como sistema, no debo permitir revertir una evaluación a un estado anterior fuera del flujo definido (p.ej. de ARCHIVED a DRAFT con un PATCH directo).",P1,Story,Completed,,Evaluaciones,
"HU-EVAL-07 — Ver organización, evaluador y auditor asignado en la grilla","""Auditor asignado"" es quién está habilitado para auditar esa organización (no necesariamente quien ya la auditó — eso es la estampa de auditoría, ver HU-AUD-04). · Sólo se muestran para PRISMA_ADMIN: para el resto, acotado a su propia organización, sería información repetida en cada fila. Implementado en: columnas ""Evaluador""/""Auditor asignado"" en EvaluationsView.vue, EvaluationDto.createdByName/assignedAuditorNames","Como PRISMA_ADMIN, quiero ver en la grilla de evaluaciones a qué organización pertenece cada una, quién la evaluó y qué auditor(es) tiene asignados, sin entrar al detalle de cada una.",P3,Story,Completed,,Evaluaciones,
HU-EVAL-08 — Resultados de madurez colapsados por defecto,Implementado en: EvaluationDetailView.vue (expandedGroups),"Como cualquier rol con acceso a una evaluación, quiero que los resultados agrupados ""por función"" aparezcan colapsados por defecto, para no saturar la pantalla con el detalle de todos los controles apenas abro la evaluación.",P4,Story,Completed,,Evaluaciones,
HU-EVAL-09 — Nivel 0 se muestra como un resultado real,"Implementado en: comparaciones != null en vez de truthy checks, en EvaluationsView.vue, OrganizationDetailView.vue y los componentes de gráfico","Como cualquier rol, quiero que un nivel de madurez 0 (calculado) se distinga de ""todavía no se calculó"" — ambos no pueden verse igual (""—"" en ambos casos escondía un 0 real).",P4,Story,Completed,,Evaluaciones,
HU-EVAL-10 — Paginar los resultados de madurez,"Implementado en: EvaluationDetailView.vue (pageSizeOptions, paginatedGroups)","Como cualquier rol viendo una evaluación con muchos controles, quiero paginar los resultados por función y elegir cuántos ver por página, en vez de tener que hacer scroll por todo el catálogo.",P4,Story,Completed,,Evaluaciones,
HU-EVI-01 — Subir evidencia,"Implementado en: POST /api/evidence, EvidenceView.vue","Como ORG_RESPONSIBLE/INTERNAL_EVALUATOR, quiero subir un archivo de evidencia documental para respaldar un control, para que quede disponible durante la auditoría.",P2,Story,Completed,,Evidencias,
HU-EVI-02 — Indexación automática por IA,"Best-effort: si backend-ai está caído, la evidencia queda igual guardada en MinIO/Postgres, y el usuario puede reintentar la indexación más tarde. Implementado en: AiEvidenceClient.ingest, EvidenceService.upload","Como sistema, quiero indexar automáticamente el contenido de cada evidencia (embeddings + ChromaDB) al subirla, para que después se puedan buscar citas relevantes por control.",P2,Story,Completed,,Evidencias,
HU-EVI-03 — Reintentar la indexación,"Implementado en: POST /api/evidence/{id}/index, botón ""Analizar con IA"" en EvidenceView.vue","Como usuario, quiero reintentar la indexación IA de una evidencia si falló la primera vez, sin tener que volver a subir el archivo.",P2,Story,Completed,,Evidencias,
HU-EVI-04 — Eliminar evidencia,Implementado en: DELETE /api/evidence/{id},"Como ORG_RESPONSIBLE/INTERNAL_EVALUATOR, quiero eliminar una evidencia que subí por error.",P2,Story,Completed,,Evidencias,
HU-EVI-05 — Evidencia bloqueada durante y después de la auditoría,"Evaluation.isSelfAssessmentEditable() es la única fuente de verdad, compartida entre EvaluationService.saveResponse y todo EvidenceService. Implementado en: EvidenceService (upload/delete/reindex)","Como sistema, no debo permitir subir, eliminar ni reindexar evidencia mientras la evaluación está en auditoría o ya fue aprobada/archivada, para que el auditor revise siempre exactamente lo que se le entregó.",P2,Story,Completed,,Evidencias,
HU-EVI-06 — Buscar citas de evidencia por control (asistente de IA),"La búsqueda es semántica (embeddings), acotada a la evidencia de esa organización/evaluación. · Es sólo una guía de dónde mirar: la validación final la registra el auditor como Observación. Implementado en: POST /api/evidence/evaluation/{id}/control/{controlId}/citations, AiEvidenceClient.citations, AuditView.vue → ""Asistente de IA — Evidencias por control""","Como AUDITOR, quiero que el sistema busque automáticamente en la evidencia cargada los fragmentos que podrían respaldar un control puntual, mostrando el documento, la ubicación (página y sección) y el texto exacto, para no tener que leer cada archivo entero a mano.",P2,Story,Completed,,Evidencias,
HU-EVI-07 — Ir directo al documento en la página de la referencia,"El link ""Ver documento"" arma la URL firmada del archivo con el fragmento #page=N cuando la ubicación citada incluye un número de página. Implementado en: documentUrl() en AuditView.vue","Como AUDITOR, quiero poder abrir el documento de evidencia directamente en la página donde se encontró el fragmento citado, en vez de tener que buscarla manualmente dentro de un PDF largo.",P3,Story,Completed,,Evidencias,
HU-EVI-08 — Registrar una observación a partir de una cita,Implementado en: openObservationForCitation() en AuditView.vue,"Como AUDITOR, quiero poder registrar una observación de auditoría con un click a partir de una cita encontrada, con el contexto (control, documento, ubicación, fragmento) ya precargado, para no tener que volver a escribirlo.",P3,Story,Completed,,Evidencias,
HU-AUD-01 — Revisar una evaluación en auditoría,"Un AUDITOR sólo ve/audita las organizaciones que tiene explícitamente asignadas (auditedOrganizationIds) — no es un rol global. Implementado en: POST /api/audit/observations, AuditView.vue","Como AUDITOR asignado a esa organización, quiero revisar una evaluación en estado IN_AUDIT y registrar observaciones, no conformidades o recomendaciones por control.",P2,Story,Completed,,Auditoría,
HU-AUD-02 — Editar una observación,Implementado en: PUT /api/audit/observations/{id},"Como AUDITOR/PRISMA_ADMIN, quiero editar el control, tipo, descripción o estado de una observación ya creada.",P2,Story,Completed,,Auditoría,
HU-AUD-03 — Seguimiento del estado de una observación,Implementado en: botones de estado en AuditView.vue (updateObservationStatus),"Como AUDITOR, quiero marcar una observación como ""en progreso"" y después ""resuelta"", para hacer seguimiento de qué falta cerrar dentro de la propia auditoría.",P2,Story,Completed,,Auditoría,
HU-AUD-04 — Estampa del auditor que trabajó la auditoría,"Por observación: ""Registrada por <nombre>"". · Agregado: ""Auditoría realizada por <nombre(s)>"" — los autores reales (distinct) de las observaciones ya cargadas. Implementado en: AuditObservationDto.createdByName, banner en AuditView.vue","Como cualquier usuario que vea los resultados de una auditoría, quiero saber qué auditor(es) trabajaron en ella de hecho — no sólo quién está habilitado para hacerlo — tanto a nivel de cada observación como en general.",P2,Story,Completed,,Auditoría,
HU-AUD-05 — Aprobar o devolver una evaluación auditada,RETURNED vuelve la autoevaluación a editable (IN_PROGRESS) para que la organización corrija y la reenvíe. Implementado en: transición de estado IN_AUDIT → APPROVED|RETURNED,"Como AUDITOR/PRISMA_ADMIN, quiero, al terminar la revisión, aprobar la evaluación o devolverla a la organización para que corrija.",P2,Story,Completed,,Auditoría,
HU-MEJ-01 — Generar sugerencias automáticas a partir de las brechas,"Ordenadas por prioridad (nivel 1 primero: es bloqueante de todo lo demás en el modelo acumulativo). · Excluye controles que ya tienen un plan real creado. Implementado en: GET /api/improvement/{evaluationId}/suggestions, ImprovementPlanService.suggest, ImprovementView.vue","Como ORG_RESPONSIBLE, quiero generar automáticamente una lista de sugerencias de mejora a partir de los controles no conformes o por debajo del nivel objetivo, para no tener que revisar el catálogo entero a mano buscando qué falta.",P2,Story,Completed,,Mejora,
HU-MEJ-02 — Guía práctica automática (IA) para cerrar una brecha puntual,"Se pide on-demand, un control a la vez (nunca para toda la lista de sugerencias junta). · Los pasos están pensados para equipos con recursos limitados: herramientas o prácticas concretas, no generalidades. · Best-effort: si el modelo de IA no está disponible, se informa en vez de romper la pantalla de sugerencias. Implementado en: POST /api/improvement/suggestions/tips, VectorStore.suggest_remediation (backend-ai), botón ""¿Cómo puedo solucionar esto?"" en ImprovementView.vue","Como ORG_RESPONSIBLE, quiero pedir una guía práctica generada automáticamente (resumen + pasos concretos) para una brecha puntual, para saber cómo resolverla y no sólo qué dice el control (que ya lo sé, es la brecha que tengo).",P2,Story,Completed,,Mejora,
HU-MEJ-03 — Editar y seleccionar sugerencias antes de crearlas,Implementado en: modal de sugerencias en ImprovementView.vue (acceptSuggestions),"Como ORG_RESPONSIBLE, quiero poder editar el texto, asignar responsable/prioridad/fecha y elegir cuáles sugerencias convertir en acciones reales del plan, antes de guardarlas.",P2,Story,Completed,,Mejora,
HU-MEJ-04 — Crear una acción de mejora manualmente,Implementado en: POST /api/improvement,"Como ORG_RESPONSIBLE, quiero crear una acción de mejora manualmente (sin partir de una sugerencia automática), para registrar iniciativas que no salen directamente de una brecha del catálogo.",P2,Story,Completed,,Mejora,
HU-MEJ-05 — Seguimiento del plan de mejora,"Las acciones vencidas se recalculan al listar (no es un campo estático). Implementado en: ImprovementPlanService.listByEvaluation (marca overdue), ImprovementView.vue","Como ORG_RESPONSIBLE, quiero ver cuántas acciones están pendientes, en progreso, completadas o vencidas, y cambiar el estado de cada una.",P2,Story,Completed,,Mejora,
HU-REP-01 — Descargar reporte en PDF,"Implementado en: GET /api/reports/{evaluationId}/pdf, ReportsView.vue","Como usuario con acceso a una evaluación aprobada, quiero descargar un reporte PDF con los resultados de madurez, para compartirlo fuera de la plataforma.",P2,Story,Completed,,Reportes,
HU-REP-02 — Descargar reporte en Excel,Implementado en: GET /api/reports/{evaluationId}/excel,"Como usuario con acceso a una evaluación aprobada, quiero descargar un reporte Excel con el detalle control por control, para procesarlo o auditarlo con otras herramientas.",P2,Story,Completed,,Reportes,
HU-DASH-01 — Panel resumen,"Implementado en: GET /api/dashboard/stats, DashboardView.vue","Como usuario autenticado de cualquier rol, quiero ver un panel con el total de evaluaciones, organizaciones activas, madurez promedio y mejoras pendientes acotado a lo que me corresponde ver, para tener un pantallazo general sin entrar a cada sección.",P3,Story,Completed,,Dashboard,
HU-DASH-02 — Madurez por función y últimas evaluaciones,"Implementado en: MaturityBarChart.vue, tabla de últimas evaluaciones en DashboardView.vue","Como usuario autenticado, quiero ver un gráfico de madurez por función y una tabla con las últimas evaluaciones, para identificar rápido dónde están las brechas más grandes.",P3,Story,Completed,,Dashboard,
HU-UX-01 — Notificaciones de confirmación,"Aparece abajo a la derecha (no arriba, donde competía visualmente con el menú de usuario). Implementado en: NotificationToast.vue, stores/notification.ts","Como usuario, quiero recibir una notificación (toast) confirmando o informando el resultado de mis acciones (creado, error, advertencia), sin que tape controles importantes de la pantalla.",P4,Story,Completed,,UX,
HU-UX-02 — Tooltips en acciones de sólo ícono,"Cubre las acciones de las tablas, las flechas de ""volver"", el editor de árbol del catálogo, el toggle de colapsar el menú lateral (y sus ítems, que al colapsar quedan sin ninguna etiqueta visible), y los botones de cerrar de modales/alertas. Implementado en: atributos title nativos en los componentes correspondientes (ver ""Endurecimientos recientes""/changelog para el listado completo de archivos)","Como usuario, quiero ver el nombre de una acción representada sólo por un ícono (editar, eliminar, ver, volver, etc.) al pasar el mouse por encima, para no tener que adivinar qué hace cada botón.",P4,Story,Completed,,UX,
HU-UX-03 — Aislamiento multi-tenant transparente,"Implementado en: CurrentUserService.assertOrganizationAccess, aplicado explícitamente en cada Service que expone datos por organización","Como usuario de un rol acotado a organización, quiero que las listas (organizaciones, usuarios, evaluaciones) me muestren automáticamente sólo lo que me corresponde ver, sin tener que filtrar yo mismo ni arriesgarme a ver datos de otra organización.",P1,Story,Completed,,UX,
HU-UX-04 — Cambiar entre tema claro y oscuro,"El toggle vive en el menú del usuario (arriba a la derecha, junto a ""Mi Cuenta""/""Cerrar Sesión""), no en una pantalla de configuración aparte — es la elección que se cambia con más frecuencia de todo el menú. · Persiste en localStorage (por navegador/dispositivo, no sincroniza entre dispositivos ni se guarda en el backend) y se aplica antes del primer render para no mostrar un parpadeo de tema incorrecto al cargar la página. · Los gráficos (Chart.js, dibujados en <canvas>, no siguen el CSS de la página) cambian de paleta junto con el resto de la UI — sin esto, sus etiquetas quedaban con el gris oscuro por defecto de Chart.js, ilegible sobre una tarjeta en modo oscuro. Implementado en: stores/theme.ts, AppHeader.vue, main.css (@custom-variant dark)","Como usuario, quiero poder elegir entre tema claro y oscuro, y que la app recuerde mi elección en este dispositivo, para poder trabajar cómodo según la luz del ambiente o mi preferencia.",P4,Story,Completed,,UX,
HU-CFG-01 — Configurar el SMTP de Keycloak,"Keycloak enmascara el password guardado () al leerlo: hay que volver a ingresarlo en cada actualización, no se puede ""conservar"" el anterior. Implementado en: PUT /api/admin/email-settings, EmailSettingsPanel.vue. Ver docs/Notificaciones-Email.md","Como PRISMA_ADMIN, quiero configurar el servidor SMTP del realm, para que ""¿Olvidaste tu contraseña?"" en el login envíe el correo correspondiente.",P3,Story,Completed,,Configuración,
HU-CFG-02 — Administrar el catálogo desde Configuración,Implementado en: SettingsView.vue,"Como PRISMA_ADMIN, quiero llegar a la importación/edición del catálogo desde la sección de Configuración, junto con el resto de la administración de la plataforma.",P3,Story,Completed,,Configuración,
HU-OBS-01 — Bitácora de auditoría de acciones sensibles,"Escritura síncrona, dentro de la misma transacción de la operación que audita. · Nota conocida: al resolver ""quién"" lo hizo *después* de la operación en la misma transacción, una auto-eliminación deja el actor en blanco en la bitácora (ver RUNBOOK.md). Implementado en: AuditLogService, tabla audit.audit_logs","Como PRISMA_ADMIN, quiero que toda acción sensible (crear/editar/borrar usuarios, organizaciones, evaluaciones, cambios de contraseña, login/logout) quede registrada con quién, qué y cuándo, para poder reconstruir qué pasó ante un incidente.",P3,Story,Completed,,Observabilidad,
"HU-OBS-02b — Consultar la bitácora desde la UI (""Actividad del Sistema"")","Filtro por texto libre (acción/recurso) y por tipo de acción; columna ""Recurso Afectado"" resuelve el nombre real de la entidad involucrada (ej. Usuario: Jane Doe, Organización: Acme S.A.) en vez de mostrar sólo un id — cae al id acortado (con el string completo en el tooltip) si el tipo no tiene nombre propio o la entidad ya no existe. · Mismo aislamiento multi-tenant que el resto de la app: ORG_RESPONSIBLE sólo ve la actividad de su propia organización. Implementado en: GET /api/audit-logs, AuditLogService.list/resolveResourceName, ActivityLogView.vue","Como PRISMA_ADMIN (todos los tenants) u ORG_RESPONSIBLE (el propio), quiero poder ver y filtrar la bitácora desde la app, sin necesitar acceso directo a la base de datos.",P3,Story,Completed,,Observabilidad,
HU-OBS-03b — Registro de intentos de login fallidos,"El login lo maneja Keycloak directamente (Authorization Code + PKCE) — backend-core nunca ve ese POST. Un job programado (LoginFailureAuditSyncService, cada 15s por defecto) trae los eventos LOGIN_ERROR que Keycloak ya audita solo (eventsEnabled=true en el realm) y los refleja en la bitácora propia como acción LOGIN_FAILED. · Si el email intentado coincide con un usuario real, el intento queda vinculado a su organización (para que ORG_RESPONSIBLE lo vea) y a su nombre; si no coincide con nadie (usuario inexistente), queda sin vincular y sólo lo ve PRISMA_ADMIN. · El bloqueo en sí no es cosa de esta historia: ya lo hace Keycloak (bruteForceProtected, failureFactor: 5 por defecto — configurable en vivo desde su consola de administración, Realm Settings → Security Defenses → Brute Force Detection, sin redeploy). Esto sólo le da visibilidad al equipo desde la app. Implementado en: LoginFailureAuditSyncService, KeycloakAdminClient.fetchLoginFailures, AuditLogService.recordLoginFailure. Ver SECURITY.md","Como PRISMA_ADMIN/ORG_RESPONSIBLE, quiero ver en la bitácora los intentos de login fallidos (quién, desde qué IP, cuándo) para detectar intentos de fuerza bruta contra cuentas de mi organización.",P3,Story,Completed,,Observabilidad,
HU-OBS-02 — Logs centralizados y métricas de los contenedores,"Dos vías paralelas: Grafana + Loki + Prometheus (principal) y, opcionalmente, Elasticsearch + Kibana + Filebeat (perfil elastic, búsqueda libre). Implementado en: perfiles observability/elastic de docker-compose.yml. Ver docs/CI-CD-Infra.md","Como equipo de operación, quiero ver los logs de todos los contenedores centralizados y métricas de infraestructura en un solo lugar, para diagnosticar un incidente sin entrar contenedor por contenedor.",P4,Story,Completed,,Observabilidad,
HU-OBS-03 — Sesiones de frontend grabadas (LogRocket),Implementado en: apps/frontend/src/plugins/logrocket.ts,"Como equipo de desarrollo, quiero poder reproducir la sesión de un usuario que reportó un error en el frontend, para diagnosticar bugs que no se explican sólo con logs de backend.",P4,Story,Completed,,Observabilidad,
HU-INFRA-01 — Levantar el stack completo con un solo comando,"Implementado en: docker-compose.yml (perfiles app, security, full, etc.). Ver README.md (Quickstart) y docs/Dev-Config.md","Como desarrollador, quiero levantar todo el stack (frontend, backends, Postgres, Keycloak, MinIO, Redis, Ollama/ChromaDB) con un solo comando, para no tener que instalar ni configurar cada dependencia a mano.",P3,Story,Completed,,Infraestructura,
HU-INFRA-02 — Desplegar en un cluster Kubernetes con redundancia,"Frontend y backend-core: 2 réplicas (stateless, sin estado local). · backend-ai: 2 réplicas (stateless; el índice de ChromaDB vive en un volumen persistente compartido, no en memoria del proceso). · Postgres, Redis, MinIO, Ollama y la base de Keycloak son, a propósito, réplica única en este manifiesto: son componentes con estado (bases de datos, cache, object storage, modelo de IA) donde escalar a 2 réplicas sin un mecanismo de clustering real (replicación, Sentinel, modo distribuido) no da redundancia — corrompe o duplica el estado. Ver docs/Kubernetes-Minikube-Portainer.md para el detalle de por qué cada uno queda así y qué camino seguir para una HA real de producción. Implementado en: infra/kubernetes/base/*.yaml, infra/kubernetes/overlays/*/patches.yaml","Como equipo de operación, quiero desplegar PRISMA en un cluster Kubernetes (minikube en local) con al menos dos réplicas de cada componente que pueda escalar horizontalmente sin inconsistencias, para que la caída de un pod no tumbe la aplicación.",P4,Story,Completed,,Infraestructura,
HU-INFRA-03 — CI/CD automático,"Implementado en: .github/workflows/ci.yml, build-and-push.yml, deploy.yml, security.yml, sonarqube.yml. Ver docs/CI-CD-Infra.md","Como equipo de desarrollo, quiero que cada push corra lint + tests + build automáticamente, y que cada release construya y publique las imágenes, para no depender de que alguien se acuerde de correrlo a mano.",P3,Story,Completed,,Infraestructura,
pkg0 — pom.xml: config de maven-surefire/failsafe para JDK 25,Agregar -XX:+EnableDynamicAgentLoading -Djdk.attach.allowAttachSelf=true -Xshare:off (con @{argLine} tardío para no pisar JaCoCo) a surefire y failsafe. Sin esto los @SpringBootTest + Testcontainers revientan al forkear la VM en JDK 25 (self-attach de ByteBuddy). Opcional: <java.version> 21 -> 25.,"Como equipo de desarrollo, quiero poder correr los tests de integración en JDK 25 localmente, para no depender de CI para validar cambios de backend.",P1,Task,New,,Build,
pkg1 — Endpoint GET /api/catalog/{version}/controls (lista plana de controles),"Nuevo CatalogControlFlatDto (id, code, description, targetLevel, requirementCode, requirementDescription, domain) y CatalogService.listControlsFlat: 404 si la versión no existe, ordena por (dominio, nº requisito, nº control) con comparación numérica. @Size(max=5000) en CreateCommunityProfileDto.controlIds.","Como frontend del selector de perfiles, quiero una lista plana y ordenada de todos los controles de una versión, para poder renderizar un selector eficiente sin recorrer el árbol completo.",P2,Task,New,,Perfiles,
pkg1 — Selector de perfiles nuevo (CommunityProfileControlPicker.vue),"Componente que reemplaza el v-for anidado: controles agrupados por dominio en secciones colapsables (colapsadas por defecto), checkbox tri-estado por dominio, buscador (código + descripción), filtro por nivel objetivo (1-4), botones Seleccionar todo / Limpiar / Seleccionar visibles. form.controlIds sigue siendo string[] de UUIDs, el payload no cambia.","Como PRISMA_ADMIN, quiero armar un perfil comunitario seleccionando controles de a dominios enteros y con búsqueda, para no tener que tildar cientos de casillas una por una hasta que la sesión expire.",P2,Task,New,,Perfiles,
pkg1 — Duplicar-desde-perfil e importar/exportar CSV/JSON en el alta de perfil,"En el modal de creación de perfil: BaseSelect para clonar los controles de un perfil existente de la misma versión; exportar la selección a CSV (una columna code) y volver a importar .csv/.json (códigos -> ids; códigos desconocidos en un alert, no rompen; opción de sumar a la selección actual).","Como PRISMA_ADMIN, quiero partir de un perfil existente o de un archivo, para no rearmar de cero perfiles parecidos.",P3,Task,New,,Perfiles,
pkg1 — Refresh silencioso del token de Keycloak,"keycloak-js onTokenExpired + setInterval(updateToken, 60s); el interceptor 401 de api.ts intenta refrescar (await refreshToken()) y sólo desloguea si falla, con guarda _retried para no reintentar en loop.","Como usuario, quiero seguir trabajando sin que se me corte la sesión en medio de una tarea larga, para no perder avance por un token vencido.",P2,Task,New,,Autenticación,
pkg2 — Pestaña 'Tablas y promedios' en resultados de madurez,"Nueva pestaña dentro de la card de resultados (sin sacar la vista actual): tabla con nombre + sigla + nivel por función, tabla por categoría marcada por función, y un gráfico a nivel subcategoría (más granular que el de funciones). Todos los niveles = media aritmética plana de las partes, 2 decimales. Referencia visual: Graficos.png.","Como cualquier rol viendo una evaluación terminada, quiero ver el detalle por función y por categoría en tablas y un gráfico más granular, para leer los resultados como en la planilla de Agesic.",P2,Task,New,,Reportes,
pkg2 — Composable useMaturitySummary (media plana sobre las 103 subcategorías),"useMaturitySummary(results, catalogFunctions) devuelve { general, byFunction, byCategory, categoryRadarItems }: promedia sobre TODAS las subcategorías del árbol del catálogo (subcategoría sin fila = nivel 0), no sólo las presentes en results. Cubierto por useMaturitySummary.spec.ts.","Como frontend de resultados, quiero un único cálculo de promedios alineado a la planilla de Agesic, para que las tablas y el dashboard muestren el mismo número.",P2,Task,New,,Reportes,
pkg2 — MaturityRadarChart con 'Nivel objetivo' opcional,"withDefaults(defineProps<{items; showTarget?: boolean}>(), { showTarget: true }); el dataset 'Nivel objetivo' sólo se agrega si showTarget. Permite reusar el radar a nivel categoría sin la línea de objetivo.","Como frontend, quiero reusar el gráfico radar para distintos niveles de agregación, para no duplicar el componente.",P4,Task,New,,Reportes,
pkg2 — Stack MVP mínimo (docker-compose.mvp.yml + make mvp-up),"Override de compose con perfil mvp: sólo front, back, keycloak, postgres, redis, nginx (HTTPS) — sin Ollama/LLM, sin observabilidad, sin MinIO. backend-ai con depends_on: !reset [] para soltar ollama.","Como desarrollador, quiero levantar sólo lo mínimo para cargar catálogos y hacer evaluaciones, para no tener que esperar y alimentar a Ollama y todo el stack de observabilidad.",P3,Task,New,,Infraestructura,
pkg3 — Alinear calculateMaturity a la fórmula de la planilla de Agesic,"EvaluationService.calculateMaturity puntúa la madurez de una subcategoría sobre TODOS los controles del marco ubicados en ella (un control sin respuesta 'cumple' frena el nivel), no sólo los del perfil. Emite 103 filas MaturityResult por evaluación 5.x. Baja el globalMaturity de toda evaluación con perfil. Reproduce las 3 planillas 103/103 (Básico 1.165, Estándar 1.689, Avanzado 2.029).","Como responsable de una organización, quiero que el nivel de madurez que muestra PRISMA sea idéntico al que da la planilla oficial de Agesic, para poder confiar en el número y comunicarlo.",P1,Task,New,,Evaluaciones,
pkg3 — Mapeo curado control↔subcategoría (V18 + effectiveSubcategories + importCatalog),"Tabla catalog_control_subcategories (V18, sólo DDL), CatalogControl.effectiveSubcategories() (usa el mapeo curado si existe, si no cae al de requisito→subcategoría), y CatalogService.importCatalog enlaza cada control listado bajo un bloque subcategoría→requisito. Agesic usa ~1013 pares curados vs ~1921 del cruce requisito→subcategoría.","Como sistema, quiero calcular la madurez de cada subcategoría sólo sobre los controles que Agesic efectivamente ubicó en ella, para reproducir su modelo.",P2,Task,New,,Catálogo,
pkg3 — Seed 5.0 alineado a Agesic 2025 (V19 + scripts/mcu50/build.py),"Migración generada V19__mcu50_align_agesic_2025.sql: control nuevo OR.5-10, los 1013 pares catalog_control_subcategories y la membresía de los 3 perfiles sembrados (Básico 165 / Estándar 234 / Avanzado 309, = columna 'Línea Base' de cada planilla). scripts/mcu50/build.py la regenera desde docs/mcu-5.0/Planilla MCU 5.0 *.xlsx. Reemplaza los ~12 scripts de 'MCU 5.2'; ya no hay versión de catálogo separada.","Como equipo de despliegue, quiero que un deploy limpio siembre el catálogo y los perfiles ya alineados a las planillas 2025, para no tener que importarlos a mano ni mantener dos versiones casi idénticas.",P1,Task,New,,Catálogo,
pkg3 — MaturityValidationIT (coteja PRISMA vs planilla de Agesic),"Test de integración (@SpringBootTest + Testcontainers) que usa el catálogo 5.0 y el perfil Básico sembrados, marca 'cumple' los 165 controles requeridos y verifica que calculateMaturity reproduce la columna 'Nivel de Madurez' de la planilla en las 103 subcategorías (0 diferencias, general 1.165). Baseline: scripts/mcu50/build.py -> expected_basico.json.","Como equipo, quiero una prueba automática que falle si el cálculo de madurez se desvía de la planilla oficial, para no volver a trabajar con números que no sabemos si están bien.",P2,Task,New,,Testing,
pkg3 — Ajustar PrismaApplicationIT al catálogo alineado,"TOTAL_CONTROLS 670 -> 671 (+ OR.5-10); los tests de cálculo eligen la subcategoría y sus controles vía control.effectiveSubcategories() (el mapeo curado que usa calculateMaturity), no requirement.getSubcategories().","Como equipo, quiero que la suite de integración siga verde después de alinear el seed, para poder mergear con confianza.",P3,Task,New,,Testing,
pkg3 — Actualizar la documentación con el modelo nuevo,"docs/PLAN-CAMBIOS-EQUIPO.md (sin 'MCU 5.2', redivisión pkg0-3), docs/HistoriasDeUsuario.md y docs/diagramas/casos-de-uso.md: el promedio global ahora es sobre las 103 subcategorías (0 en las no cubiertas) y la madurez de subcategoría es sobre el marco completo, no sólo el perfil.","Como integrante del equipo, quiero que la documentación refleje el modelo de cálculo vigente, para no implementar contra una descripción vieja.",P3,Task,New,,Documentación,
Mejora — Hacer MFA/TOTP obligatorio para PRISMA_ADMIN,MFA/TOTP está configurado en el realm de Keycloak pero no es obligatorio para ningún rol. Hacerlo requerido al menos para PRISMA_ADMIN (Required Action / flujo de autenticación del realm).,"Como plataforma, quiero exigir un segundo factor a las cuentas con privilegios globales, para reducir el impacto de una credencial de admin comprometida.",P3,Task,New,,Seguridad,
npm run lint falla: variable _unused sin usar en validators.spec.ts,"apps/frontend/tests/utils/validators.spec.ts:87 usa `const { organizationId: _unused, ...withoutOrg } = valid` y @typescript-eslint/no-unused-vars lo marca como error, así que `npm run lint` termina con exit != 0 en limpio. Preexistente en main (commit 0b64208). Fix: renombrar a un patrón ignorado, usar rest sin nombrar la key, o ajustar varsIgnorePattern en la config de eslint.","Como equipo, quiero que `npm run lint` pase en limpio, para que el gate de CI y el pre-commit sean confiables.",P2,Bug,New,,Frontend,
Accesibilidad WCAG 2.1 AA incompleta,Los tests de accesibilidad (Playwright + axe) no pasan del todo: falta aria-label en el botón de colapsar el sidebar y hay contraste insuficiente en algunos textos (ver docs/Testing.md).,"Como usuario con lector de pantalla o baja visión, quiero que la interfaz cumpla WCAG 2.1 AA, para poder operar PRISMA sin barreras.",P3,Bug,New,,UX,
@PreAuthorize + @Valid: devuelve 400 (validación) en vez de 403 (permiso),"En un endpoint con @PreAuthorize + @Valid (p.ej. POST /api/catalog/import), Spring resuelve la validación del body antes de evaluar el rol: un request sin permiso con body inválido recibe 400 con el detalle de validación en vez del 403 esperado. No es un bypass (con body válido el mismo rol sin permiso sí recibe 403) pero filtra el shape del DTO. Ver docs/API.md.","Como sistema, no quiero revelar la forma del body a quien no tiene permiso para llamar el endpoint, para no dar información útil a un atacante.",P4,Bug,New,,Backend,
Bitácora: el actor queda en blanco al auto-eliminarse un usuario,"AuditLogService resuelve 'quién' hizo la acción después de la operación, dentro de la misma transacción; si la operación fue que un usuario se borró a sí mismo, para cuando se resuelve el actor la fila ya no existe y queda en blanco. Ver docs/RUNBOOK.md y HU-OBS-01.","Como PRISMA_ADMIN investigando un incidente, quiero que toda entrada de la bitácora tenga el actor, incluso cuando la acción fue una auto-eliminación.",P4,Bug,New,,Observabilidad,
